id,source,platform_item_id,text,date,upvotes,url,collected_at
38888390-1e75-4d7b-87c3-3879ec981940,play_store,test-1,Cannot find photos from my vacation in Hawaii last year even when searching for Hawaii or beach,2024-01-15,12,https://play.google.com/review?id=123,2024-01-15T12:00:00Z
e3f01bf3-1267-4fbb-9d41-66948b2c79b2,reddit,seed-e3f01bf3,I spent 45 minutes searching for a photo of my dog playing in the snow from winter 2019. I typed 'dog snow red collar' and Google Photos gave me zero results! I had to manually scroll through 4 years of photos until my eyes hurt.,2023-11-14,84,https://reddit.com/r/googlephotos/comments/snow_dog,2023-11-14T12:00:00Z
48a2cc10-6beb-4f13-ae60-cd3692c76a9a,play_store,seed-48a2cc10,Search is totally useless if you don't know the exact calendar day. I know we went to Lake Tahoe sometime in the summer of 2017 with my parents. Searching 'Lake Tahoe 2017' gives nothing because the GPS tag says 'Placer County'.,2023-08-20,42,https://play.google.com/store/apps/details?id=com.google.android.apps.photos&review=1,2023-08-20T12:00:00Z
0dd024c7-faa0-4e3c-91e1-cea89371559a,app_store,seed-0dd024c7,"Why can't I search 'mom wearing green dress at wedding'? People don't remember timestamps, we remember what people were wearing and what the occasion was! I ended up texting my sister to ask if she still had it.",2023-09-02,61,https://apps.apple.com/us/app/google-photos/id962194608?review=2,2023-09-02T12:00:00Z
84e90335-e3a9-4f18-b84b-79dda5b0bc2e,help_forum,seed-84e90335,"Looking for old photos of my grandpa from 2015. Searching his name brings up 3 recent photos, but completely ignores hundreds of older pictures where he had a beard. The face grouping is fractured across years.",2023-10-18,35,https://support.google.com/photos/thread/1029384,2023-10-18T12:00:00Z
8c65f7b3-d72a-4be4-b95a-b9fd3938be22,reddit,seed-8c65f7b3,"Half of my photo library is filled with screenshots of recipes, tax receipts, and Wi-Fi router barcodes. When I search for 'dinner' to find family photos, it dumps 50 screenshot recipes from Pinterest. Give us a separate folder!",2023-12-05,128,https://reddit.com/r/googlephotos/comments/screenshot_pollution,2023-12-05T12:00:00Z
a6a68c5f-4bd4-470c-8ee0-0f544f3a96f2,play_store,seed-a6a68c5f,"Took a picture of a receipt for a lawnmower I bought at Home Depot 6 months ago for warranty repair. Tried searching 'receipt', 'Home Depot', 'lawn mower' - nothing! The OCR in Photos is completely broken on faded receipts.",2024-01-11,53,https://play.google.com/store/apps/details?id=com.google.android.apps.photos&review=3,2024-01-11T12:00:00Z
9a6dfe88-5b20-4d4b-ac1e-df557a21c11c,youtube,seed-9a6dfe88,"I take photos of parking ticket stubs, medical test results, and book pages. When I search 'book' or 'medical', I get random selfies instead of the documents. Why isn't there an automatic Document quarantine view?",2024-01-22,29,https://youtube.com/watch?v=googlephotos_tips#c4,2024-01-22T12:00:00Z
59734b8d-3657-4459-909d-efbd1c65e4a0,reddit,seed-59734b8d,"I search for 'beach' and it returns 3,400 photos. Okay great, now how do I filter by person or year? There are no secondary filter chips! I have to scroll through 3,400 photos manually. I just gave up and closed the app.",2023-11-28,95,https://reddit.com/r/googlephotos/comments/no_secondary_filters,2023-11-28T12:00:00Z
221a8fc3-90b3-45a1-9107-d41476c579d5,web,seed-221a8fc3,"Search results should let you sort by oldest first or filter by album. Once you search, you are locked into this rigid chronological stream with zero sorting controls. It makes managing 10 years of photos painful.",2023-10-05,18,https://medium.com/@photousr/why-google-photos-search-needs-filters,2023-10-05T12:00:00Z
d5bf9635-1e53-437f-a7c7-2860129f4753,help_forum,seed-d5bf9635,"My son is 6 years old now. Google Photos created 3 different face groups for him: one as a newborn, one as a toddler, and one current. If I click his profile I only see photos from age 4-6. The baby pictures are lost in the abyss.",2023-12-14,72,https://support.google.com/photos/thread/889210,2023-12-14T12:00:00Z
1448fbc9-809e-4d8c-bdfb-31fd730de381,app_store,seed-1448fbc9,"Google Photos randomly grouped photos of my late mother with a stranger from a party album. Now when I search for mom, half the photos are incorrect people. I tried merging faces but it made things worse.",2024-02-01,48,https://apps.apple.com/us/app/google-photos/id962194608?review=4,2024-02-01T12:00:00Z
0223fdb6-8fb2-46ce-a36a-a1d59b51a7f4,reddit,seed-0223fdb6,Migrated photos from my old camera and Google Photos dated all of them to today! Now 10 years of carefully dated family photos are jumbled up in February 2024. Searching by date or year is completely broken.,2024-02-10,110,https://reddit.com/r/googlephotos/comments/exif_date_scramble,2024-02-10T12:00:00Z
96b8b51f-f918-4639-83e2-c2b858b3b531,play_store,seed-96b8b51f,"Location search is horribly inaccurate. I took photos at a concert in Brooklyn, but searching 'Brooklyn' or 'New York' doesn't show them because the cell tower tag placed it in Queens. Geofence radius needs to be adjustable.",2024-01-30,37,https://play.google.com/store/apps/details?id=com.google.android.apps.photos&review=5,2024-01-30T12:00:00Z
9aa25708-1aa7-44e5-9b22-e608b15fa9cc,youtube,seed-9aa25708,"Searched for 'birthday cake' to find my daughter's 5th birthday. Google Photos returned pictures of pancakes, a pizza, and a wooden stump. Zero pictures of the actual birthday cake. Natural language search feels like a gimmick.",2024-02-15,41,https://youtube.com/watch?v=googlephotos_tips#c8,2024-02-15T12:00:00Z
6e5c3793-77dc-4557-a0fe-1196074f2c89,reddit,seed-6e5c3793,"Every time I need an old photo I end up having to ask my wife or friends because searching in Google Photos is an exercise in frustration. You type what you remember, it fails, you scroll for 20 minutes, and then you give up.",2024-02-18,76,https://reddit.com/r/googlephotos/comments/asking_friends_instead,2024-02-18T12:00:00Z
b1b090af-aa88-4e60-8ab8-71f5591ad252,reddit,seed-b1b090af,I spent 45 minutes searching for a photo of my dog playing in the snow from winter 2019. I typed 'dog snow red collar' and Google Photos gave me zero results! I had to manually scroll through 4 years of photos until my eyes hurt.,2023-11-14,84,https://reddit.com/r/googlephotos/comments/snow_dog,2023-11-14T12:00:00Z
a2049fb2-d271-445f-a2f7-f2b965627a1b,play_store,seed-a2049fb2,Search is totally useless if you don't know the exact calendar day. I know we went to Lake Tahoe sometime in the summer of 2017 with my parents. Searching 'Lake Tahoe 2017' gives nothing because the GPS tag says 'Placer County'.,2023-08-20,42,https://play.google.com/store/apps/details?id=com.google.android.apps.photos&review=1,2023-08-20T12:00:00Z
100d8818-5bfc-485d-a7c7-bf65c8e55dc7,app_store,seed-100d8818,"Why can't I search 'mom wearing green dress at wedding'? People don't remember timestamps, we remember what people were wearing and what the occasion was! I ended up texting my sister to ask if she still had it.",2023-09-02,61,https://apps.apple.com/us/app/google-photos/id962194608?review=2,2023-09-02T12:00:00Z
ae079e55-d35e-4ca6-af09-9d30cc7e250d,help_forum,seed-ae079e55,"Looking for old photos of my grandpa from 2015. Searching his name brings up 3 recent photos, but completely ignores hundreds of older pictures where he had a beard. The face grouping is fractured across years.",2023-10-18,35,https://support.google.com/photos/thread/1029384,2023-10-18T12:00:00Z
c8b6c2b4-ed38-4461-b88d-c0c023128e70,reddit,seed-c8b6c2b4,"Half of my photo library is filled with screenshots of recipes, tax receipts, and Wi-Fi router barcodes. When I search for 'dinner' to find family photos, it dumps 50 screenshot recipes from Pinterest. Give us a separate folder!",2023-12-05,128,https://reddit.com/r/googlephotos/comments/screenshot_pollution,2023-12-05T12:00:00Z
3afb7210-f45c-40ea-bf7f-c54e4a8fd8d6,play_store,seed-3afb7210,"Took a picture of a receipt for a lawnmower I bought at Home Depot 6 months ago for warranty repair. Tried searching 'receipt', 'Home Depot', 'lawn mower' - nothing! The OCR in Photos is completely broken on faded receipts.",2024-01-11,53,https://play.google.com/store/apps/details?id=com.google.android.apps.photos&review=3,2024-01-11T12:00:00Z
76dbf7d4-6980-4c29-aada-5d9866eb73b8,youtube,seed-76dbf7d4,"I take photos of parking ticket stubs, medical test results, and book pages. When I search 'book' or 'medical', I get random selfies instead of the documents. Why isn't there an automatic Document quarantine view?",2024-01-22,29,https://youtube.com/watch?v=googlephotos_tips#c4,2024-01-22T12:00:00Z
585b3f22-6fea-4e82-8a47-8cc21ae1b641,reddit,seed-585b3f22,"I search for 'beach' and it returns 3,400 photos. Okay great, now how do I filter by person or year? There are no secondary filter chips! I have to scroll through 3,400 photos manually. I just gave up and closed the app.",2023-11-28,95,https://reddit.com/r/googlephotos/comments/no_secondary_filters,2023-11-28T12:00:00Z
7c4a5b1c-4e08-41ca-9ceb-7b33415f0f13,web,seed-7c4a5b1c,"Search results should let you sort by oldest first or filter by album. Once you search, you are locked into this rigid chronological stream with zero sorting controls. It makes managing 10 years of photos painful.",2023-10-05,18,https://medium.com/@photousr/why-google-photos-search-needs-filters,2023-10-05T12:00:00Z
0df88c86-1281-41ca-ab25-163115179dc3,help_forum,seed-0df88c86,"My son is 6 years old now. Google Photos created 3 different face groups for him: one as a newborn, one as a toddler, and one current. If I click his profile I only see photos from age 4-6. The baby pictures are lost in the abyss.",2023-12-14,72,https://support.google.com/photos/thread/889210,2023-12-14T12:00:00Z
7f6c22e3-2fda-4cb9-979b-49139d8d6967,app_store,seed-7f6c22e3,"Google Photos randomly grouped photos of my late mother with a stranger from a party album. Now when I search for mom, half the photos are incorrect people. I tried merging faces but it made things worse.",2024-02-01,48,https://apps.apple.com/us/app/google-photos/id962194608?review=4,2024-02-01T12:00:00Z
d43828de-f083-434e-b131-2d36931a8f32,reddit,seed-d43828de,Migrated photos from my old camera and Google Photos dated all of them to today! Now 10 years of carefully dated family photos are jumbled up in February 2024. Searching by date or year is completely broken.,2024-02-10,110,https://reddit.com/r/googlephotos/comments/exif_date_scramble,2024-02-10T12:00:00Z
9106e8df-1f8c-4e17-bcd2-f8713fb64ef3,play_store,seed-9106e8df,"Location search is horribly inaccurate. I took photos at a concert in Brooklyn, but searching 'Brooklyn' or 'New York' doesn't show them because the cell tower tag placed it in Queens. Geofence radius needs to be adjustable.",2024-01-30,37,https://play.google.com/store/apps/details?id=com.google.android.apps.photos&review=5,2024-01-30T12:00:00Z
dc027942-8bb9-4904-a96d-179407ae097a,youtube,seed-dc027942,"Searched for 'birthday cake' to find my daughter's 5th birthday. Google Photos returned pictures of pancakes, a pizza, and a wooden stump. Zero pictures of the actual birthday cake. Natural language search feels like a gimmick.",2024-02-15,41,https://youtube.com/watch?v=googlephotos_tips#c8,2024-02-15T12:00:00Z
de1a2679-ff86-45be-99c1-e77dfc4294cd,reddit,seed-de1a2679,"Every time I need an old photo I end up having to ask my wife or friends because searching in Google Photos is an exercise in frustration. You type what you remember, it fails, you scroll for 20 minutes, and then you give up.",2024-02-18,76,https://reddit.com/r/googlephotos/comments/asking_friends_instead,2024-02-18T12:00:00Z
